Likes,Comments,Views
3407.0,672.0,135612.0
76779.0,4306.0,1758063.0
63825.0,3338.0,1564007.0
71566.0,1426.0,922918.0
96513.0,5155.0,1855644.0
33570.0,1643.0,943119.0
135047.0,9367.0,5937790.0
216935.0,12605.0,4782514.0
45565.0,2882.0,7001236.0
24252.0,1068.0,667767.0
118001.0,4123.0,2359142.0
20999.0,3091.0,413179.0
15322.0,547.0,389114.0
17866.0,157.0,444953.0
13217.0,442.0,371563.0
26890.0,4999.0,1633059.0
9562.0,199.0,760249.0
11743.0,143.0,1086568.0
146978.0,11105.0,3186890.0
363771.0,13609.0,11422924.0
2117.0,486.0,63650.0
42841.0,1357.0,1280387.0
23689.0,2842.0,530889.0
55231.0,2175.0,2122433.0
1289.0,183.0,35948.0
970.0,207.0,23175.0
1608.0,273.0,78520.0
1452.0,38.0,63599.0
35758.0,2056.0,1006704.0
8725.0,790.0,257848.0
110145.0,3289.0,2954979.0
12188.0,326.0,304037.0
59458.0,4159.0,1541386.0
3494.0,136.0,589007.0
36423.0,1902.0,1085076.0
941.0,221.0,25594.0
134194.0,6102.0,4098623.0
42075.0,1820.0,7188648.0
709.0,128.0,25745.0
78852.0,3926.0,1889567.0
32102.0,3243.0,786765.0
188623.0,7464.0,4195072.0
343227.0,20854.0,9618335.0
43960.0,1767.0,791624.0
77411.0,2098.0,2474364.0
24.0,45.0,3461.0
4492.0,169.0,274201.0
51846.0,2371.0,1156785.0
1029.0,2347.0,97434.0
534.0,538.0,57858.0
8526.0,3934.0,544884.0
588.0,887.0,69951.0
137.0,222.0,18531.0
848.0,1384.0,86855.0
827.0,1653.0,131012.0
1200.0,2841.0,54596.0
1167.0,180.0,235019.0
1573.0,2670.0,60528.0
1145.0,793.0,106127.0
474.0,1553.0,75301.0
82.0,26.0,17145.0
23828.0,47.0,500097.0
775.0,1517.0,127082.0
8484.0,2192.0,237313.0
7946.0,1559.0,905023.0
510.0,560.0,34715.0
129.0,7.0,10642.0
1288.0,3.0,172513.0
257.0,1.0,62189.0
612.0,18.0,60835.0
2385.0,1349.0,288722.0
6379.0,4853.0,808787.0
1009.0,451.0,127803.0
5630.0,1848.0,533947.0
686.0,18.0,56683.0
7277.0,1294.0,796750.0
695.0,121.0,159877.0
15854.0,5373.0,1465011.0
1030.0,10.0,187892.0
198.0,12.0,17763.0
7342.0,1531.0,932432.0
286.0,22.0,23135.0
2083.0,2195.0,164119.0
1728.0,665.0,212973.0
180.0,16.0,13976.0
1102.0,668.0,106690.0
1688.0,796.0,89985.0
8384.0,1307.0,176151.0
63825.0,3338.0,1564007.0
4163.0,618.0,133933.0
2925.0,121.0,99244.0
298406.0,15609.0,3773387.0
549.0,29.0,16307.0
2170.0,282.0,126228.0
1365.0,256.0,46436.0
3516.0,306.0,121644.0
2481.0,429.0,67444.0
2501.0,193.0,84565.0
82449.0,2673.0,2007038.0
1243.0,21.0,5967.0
48710.0,3417.0,552256.0
29966.0,471.0,205943.0
15842.0,1547.0,530763.0
3374.0,741.0,82874.0
8260.0,195.0,191777.0
1525.0,36.0,14877.0
468.0,164.0,10351.0
18208.0,44.0,228095.0
3171.0,5.0,19693.0
1204.0,135.0,27564.0
10556.0,466.0,66633.0
869.0,155.0,22860.0
13492.0,707.0,879645.0
358.0,23.0,2386.0
2677.0,485.0,65005.0
39872.0,187.0,246407.0
46642.0,1287.0,268946.0
674.0,93.0,5931.0
3495.0,202.0,226258.0
789.0,77.0,19223.0
3273.0,472.0,31837.0
4484.0,459.0,97946.0
2700.0,279.0,70186.0
238193.0,14706.0,7132206.0
71905.0,6315.0,2381931.0
9574.0,537.0,87891.0
1215.0,100.0,64958.0
11797.0,519.0,364725.0
2750.0,116.0,208701.0
563.0,85.0,14537.0
39944.0,1677.0,5093587.0
19987.0,2358.0,1335282.0
275577.0,5431.0,15040548.0
62969.0,9809.0,4288833.0
12785.0,489.0,1945140.0
778342.0,20737.0,57369066.0
56480.0,2515.0,12272628.0
23668.0,2290.0,1499121.0
102369.0,10191.0,16099483.0
60821.0,2638.0,12867358.0
355223.0,6889.0,11181957.0
7866.0,550.0,619006.0
84728.0,1451.0,10909239.0
6920.0,640.0,665643.0
22479.0,299.0,2020370.0
6568.0,591.0,592998.0
127971.0,3938.0,20647398.0
11805.0,1116.0,961317.0
601464.0,23466.0,27922929.0
241605.0,6650.0,31518906.0
39999.0,6387.0,5683239.0
33316.0,1335.0,7795119.0
14899.0,637.0,1836457.0
25347.0,385.0,9444655.0
11898.0,1330.0,901368.0
1096.0,178.0,106597.0
6325.0,391.0,573655.0
867074.0,43024.0,106014469.0
6946.0,481.0,647117.0
51562.0,8289.0,4282206.0
31796.0,555.0,6134948.0
46.0,6.0,2219.0
149084.0,3901.0,4820297.0
191.0,35.0,27378.0
38.0,1.0,4114.0
32772.0,4597.0,1194578.0
2584.0,57.0,1051751.0
15.0,1.0,867.0
132236.0,3715.0,15110047.0
3991.0,820.0,269716.0
2192.0,144.0,230945.0
54006.0,3508.0,2699810.0
14293.0,2114.0,577426.0
1121.0,91.0,65057.0
1941.0,401.0,83228.0
15872.0,156.0,4290144.0
2807.0,194.0,203084.0
22288.0,451.0,11666184.0
10119.0,664.0,891548.0
135155.0,11354.0,2361410.0
14408.0,864.0,275924.0
315980.0,6186.0,13176819.0
44809.0,660.0,1341953.0
22532.0,198.0,443909.0
295514.0,5266.0,8378324.0
1165120.0,40435.0,44943014.0
136929.0,3323.0,5249373.0
2048.0,193.0,58330.0
169217.0,2295.0,7370713.0
56460.0,2118.0,3745331.0
78076.0,1822.0,2947659.0
28603.0,1300.0,855958.0
910553.0,81975.0,52061447.0
49642.0,1589.0,3750968.0
338470.0,9618.0,14322764.0
46638.0,2210.0,1902823.0
80596.0,2415.0,1606273.0
554.0,60.0,15329.0
723998.0,14759.0,31858250.0
665269.0,25869.0,36467409.0
70465.0,17616.0,10097646.0
600.0,55.0,10671.0
32092.0,181.0,425850.0
347137.0,7750.0,13590001.0
150521.0,5653.0,4584546.0
6773.0,595.0,111581.0
515.0,184.0,11848.0
29551.0,1213.0,513997.0
262633.0,5960.0,47276202.0
99816.0,4641.0,8620346.0
46254.0,669.0,2144508.0
31042.0,899.0,698519.0
45027.0,1140.0,5578536.0
207617.0,8534.0,4382539.0
8227.0,314.0,153395.0
55233.0,5097.0,742272.0
2992.0,246.0,110066.0
4852.0,218.0,76373.0
26024.0,1165.0,662992.0
12124.0,1188.0,638770.0
61089.0,2899.0,2943450.0
62375.0,2417.0,1687552.0
21286.0,731.0,705942.0
421608.0,17009.0,5992730.0
63.0,20.0,3311.0
339758.0,32718.0,29905105.0
866.0,48.0,42948.0
1706185.0,25334.0,208293677.0
385847.0,4381.0,54244089.0
79281.0,1683.0,9090985.0
24029.0,422.0,1820413.0
9178.0,111.0,933111.0
21367.0,467.0,2822656.0
43643.0,1336.0,5750667.0
6028.0,697.0,533712.0
229141.0,7461.0,28325416.0
253.0,2.0,6389.0
25934.0,424.0,1102647.0
114.0,2.0,2270.0
13038.0,470.0,368017.0
3232.0,580.0,188875.0
46519.0,1064.0,2228510.0
1483.0,122.0,45872.0
-1.0,1144.0,676300.0
27189.0,622.0,1273223.0
14477.0,1661.0,580096.0
57308.0,2303.0,859569.0
441.0,496.0,26499.0
17327.0,965.0,561921.0
489.0,240.0,14263.0
216891.0,11046.0,2018720.0
29443.0,1408.0,1218268.0
65748.0,1269.0,5351715.0
295.0,9.0,15582.0
36376.0,1876.0,875957.0
52363.0,2102.0,984168.0
49949.0,5045.0,2464907.0
5015.0,1830.0,520371.0
1090.0,485.0,45006.0
13852.0,516.0,776034.0
134.0,16.0,2786.0
22569.0,859.0,384275.0
2063.0,662.0,37352.0
539.0,23.0,23819.0
32152.0,393.0,589907.0
13126.0,600.0,746236.0
-1.0,13.0,12332.0
2667.0,303.0,42274.0
5006.0,157.0,82844.0
19993.0,1870.0,1851336.0
667.0,305.0,11649.0
146358.0,3790.0,7989628.0
3440.0,769.0,108903.0
187.0,29.0,4073.0
22861.0,977.0,1437698.0
25630.0,1741.0,1435374.0
158935.0,8326.0,6100867.0
74485.0,1569.0,4435209.0
80368.0,2008.0,3368446.0
170234.0,7686.0,7367727.0
30518.0,486.0,879609.0
45040.0,1451.0,1632584.0
1341.0,72.0,19323.0
5180.0,129.0,190491.0
195700.0,7321.0,7569833.0
73498.0,3270.0,4984442.0
235659.0,11732.0,9769103.0
10669.0,1149.0,223700.0
8433.0,882.0,151493.0
63857.0,1655.0,1564431.0
838345.0,50531.0,28574258.0
880208.0,42227.0,35771194.0
981522.0,122371.0,68512549.0
114246.0,3748.0,4416622.0
143191.0,3883.0,7549484.0
216934.0,4192.0,5656681.0
205557.0,4239.0,7783157.0
132845.0,3878.0,7975584.0
74900.0,1841.0,1454316.0
76010.0,788.0,7906241.0
18780.0,514.0,679453.0
4315.0,203.0,83902.0
23977.0,1964.0,925547.0
4985.0,576.0,191830.0
44083.0,3332.0,870453.0
63543.0,2634.0,1642556.0
12050.0,697.0,793228.0
101457.0,955.0,1684678.0
18184.0,601.0,622551.0
47823.0,2897.0,3335591.0
93094.0,1136.0,26355125.0
12502.0,1115.0,203851.0
121477.0,2653.0,3218250.0
41409.0,1025.0,1253037.0
29065.0,2375.0,1592794.0
97091.0,2989.0,2417577.0
869059.0,12196.0,21485819.0
10595.0,826.0,345071.0
190593.0,5568.0,11034311.0
57526.0,1115.0,1204024.0
407460.0,40969.0,11745320.0
186142.0,5329.0,5646817.0
375997.0,2031.0,7009241.0
702681.0,15608.0,7892369.0
8851.0,287.0,525488.0
113.0,32.0,5110.0
954.0,81.0,13991.0
40.0,14.0,2783.0
765.0,319.0,100366.0
59.0,23.0,7093.0
13.0,21.0,1485.0
346.0,65.0,29751.0
16.0,3.0,83121.0
1834.0,500.0,39296.0
44.0,6.0,2597.0
66.0,13.0,3882.0
36.0,40.0,6709.0
124.0,72.0,7816.0
53635.0,1650.0,6224649.0
29.0,2.0,2285.0
213398.0,13619.0,9450554.0
17269.0,903.0,1366364.0
68.0,40.0,7325.0
96.0,45.0,12456.0
14.0,3.0,1195.0
490.0,185.0,32926.0
4590.0,1035.0,255706.0
69.0,2.0,3534.0
39868.0,1068.0,2797148.0
83.0,32.0,8862.0
51.0,36.0,4384.0
19621.0,7087.0,890196.0
37925.0,3545.0,1213867.0
24181.0,4776.0,608005.0
29610.0,1473.0,637152.0
1692.0,268.0,93564.0
2236.0,595.0,118523.0
4894.0,201.0,196484.0
57.0,13.0,2548.0
319.0,180.0,29180.0
19352.0,597.0,1344472.0
404.0,30.0,22593.0
40534.0,1851.0,1257676.0
1289.0,1852.0,189066.0
2713.0,115.0,46082.0
34468.0,4428.0,390348.0
5595.0,641.0,77109.0
1720.0,272.0,20600.0
230.0,95.0,2201.0
27738.0,2355.0,474368.0
12829.0,802.0,192740.0
3405.0,171.0,57692.0
1908.0,199.0,23786.0
3400.0,170.0,45779.0
212.0,429.0,6443.0
1700.0,60.0,21012.0
90.0,138.0,7050.0
765.0,463.0,9585.0
2645.0,102.0,35571.0
827.0,568.0,8502.0
626.0,49.0,7989.0
2015.0,239.0,18216.0
3179.0,184.0,43235.0
431.0,154.0,4247.0
1992.0,216.0,25115.0
1450.0,238.0,15689.0
1462.0,83.0,25316.0
1324.0,249.0,30328.0
2719.0,168.0,48051.0
182663.0,6456.0,6366422.0
476.0,280.0,6160.0
66.0,105.0,1616.0
105.0,51.0,1599.0
1493.0,69.0,23035.0
3638.0,314.0,39409.0
408.0,45.0,7771.0
257.0,27.0,2742.0
3091.0,200.0,52909.0
3916.0,158.0,30871.0
357.0,101.0,10554.0
92.0,55.0,2546.0
2258.0,125.0,28047.0
2539.0,314.0,36410.0
95151.0,3859.0,11805668.0
4303.0,360.0,46495.0
2379.0,177.0,31510.0
757.0,35.0,9099.0
310.0,114.0,4723.0
629.0,202.0,8867.0
705.0,627.0,7516.0
1021.0,634.0,11448.0
1606.0,183.0,27258.0
418.0,71.0,5034.0
1987.0,181.0,25648.0
2072.0,156.0,79265.0
111085.0,18963.0,10963984.0
32280.0,2947.0,2570601.0
511551.0,25520.0,49429306.0
15064.0,1245.0,1669884.0
23205.0,1028.0,235294.0
9760.0,879.0,380649.0
2025653.0,8188.0,58590655.0
233724.0,8895.0,10608521.0
339759.0,32717.0,29905105.0
11069.0,298.0,156011.0
275.0,14.0,21114.0
46684.0,1770.0,1962673.0
11943.0,1582.0,838788.0
20909.0,2455.0,1782074.0
110517.0,493.0,1847672.0
36738.0,967.0,2458686.0
19054.0,1926.0,900960.0
228332.0,689.0,6329576.0
39281.0,2003.0,2372539.0
867676.0,8428.0,16209382.0
50788.0,1455.0,5281537.0
428683.0,2964.0,12964069.0
129552.0,4612.0,13278916.0
9432.0,510.0,738726.0
634419.0,7981.0,6170029.0
79852.0,2601.0,6149318.0
60991.0,278.0,1134047.0
82390.0,1772.0,10106841.0
636440.0,16875.0,39581966.0
309903.0,995.0,7308863.0
837671.0,5178.0,23535618.0
51599.0,6817.0,4795109.0
205854.0,338.0,4543326.0
94707.0,81.0,2036446.0
308847.0,1487.0,5884330.0
367266.0,1001.0,10125075.0
752667.0,6382.0,50348575.0
150.0,14.0,10146.0
356355.0,1413.0,5533307.0
81516.0,77.0,3074914.0
40407.0,149.0,1574015.0
23288.0,1633.0,1360604.0
402045.0,2922.0,6742766.0
461154.0,47971.0,38289391.0
2307773.0,71897.0,168546247.0
738796.0,1960.0,24994827.0
954935.0,28908.0,94900199.0
7004.0,412.0,457957.0
41945.0,1808.0,3157064.0
11053.0,1264.0,180651.0
1411.0,221.0,36310.0
1569.0,167.0,55539.0
2547.0,263.0,85191.0
8907.0,1122.0,170926.0
1678.0,83.0,141306.0
8738.0,412.0,53211.0
176829.0,6375.0,7571701.0
2546.0,173.0,51885.0
137884.0,4568.0,3068118.0
77110.0,6113.0,1457290.0
77520.0,1947.0,2213038.0
621.0,38.0,21164.0
52.0,11.0,2471.0
519.0,9.0,40223.0
1521.0,47.0,103248.0
1643.0,59.0,38688.0
9544.0,820.0,198004.0
98001.0,3626.0,2615459.0
34514.0,1228.0,1469736.0
239.0,20.0,4130.0
736.0,39.0,74253.0
2765.0,200.0,193604.0
1444.0,46.0,108383.0
901.0,53.0,78841.0
4783.0,184.0,137405.0
5444.0,684.0,229865.0
46158.0,2486.0,1142057.0
160983.0,6443.0,13844095.0
1234.0,44.0,92760.0
7927.0,603.0,466494.0
814.0,27.0,55105.0
4232.0,283.0,124442.0
10670.0,1189.0,1020154.0
8534.0,517.0,254621.0
589.0,17.0,47926.0
136598.0,4140.0,5231674.0
1314.0,84.0,100586.0
9062.0,452.0,200847.0
90491.0,1633.0,2854238.0
44471.0,1359.0,2853191.0
19895.0,1434.0,1094217.0
143561.0,8930.0,3854528.0
117286.0,4398.0,3128517.0
219213.0,5353.0,5423172.0
58.0,21.0,601.0
383.0,14.0,4951.0
915.0,107.0,47811.0
1294.0,163.0,42191.0
4187.0,723.0,83807.0
7385.0,1081.0,132072.0
3586.0,295.0,108055.0
5638.0,520.0,255839.0
184.0,47.0,1954.0
282.0,29.0,9401.0
478.0,137.0,31657.0
358.0,21.0,4639.0
4248.0,593.0,154901.0
1818.0,181.0,27676.0
1916.0,209.0,61195.0
91267.0,8050.0,5210940.0
5409.0,698.0,378563.0
332.0,32.0,49591.0
4144389.0,294428.0,425478119.0
4706.0,321.0,164331.0
4976.0,599.0,151259.0
1111.0,138.0,189956.0
8520.0,1146.0,184475.0
13488.0,1181.0,307938.0
3464.0,416.0,276221.0
29026.0,2530.0,425880.0
3227.0,296.0,281839.0
274209.0,9651.0,7544821.0
3362.0,441.0,142040.0
17728.0,1841.0,356678.0
2707.0,542.0,169562.0
3102.0,460.0,229928.0
38261.0,2271.0,2644603.0
2254.0,1032.0,282480.0
2374.0,310.0,29780.0
245113.0,28583.0,4876825.0
3216.0,392.0,62815.0
2839.0,472.0,228752.0
2330.0,384.0,25865.0
3908.0,61.0,174482.0
11148.0,814.0,425073.0
2949.0,272.0,38520.0
1194.0,431.0,34954.0
416.0,94.0,43591.0
52147.0,13199.0,2343365.0
472660.0,37391.0,14296001.0
1046404.0,37539.0,34484565.0
36387.0,1789.0,2530836.0
16445558.0,732818.0,4034122271.0
269.0,33.0,8064.0
234520.0,9846.0,14269018.0
193174.0,4232.0,26160434.0
261832.0,8894.0,8496353.0
33213.0,3070.0,2017263.0
49192.0,1123.0,2009963.0
99436.0,19837.0,3934199.0
8383.0,773.0,9826182.0
102993.0,6346.0,2568894.0
53545.0,17946.0,1711823.0
197069.0,5574.0,4676492.0
107571.0,3380.0,6123730.0
11474.0,1011.0,374525.0
51098.0,5463.0,9914057.0
29265.0,1366.0,2006133.0
237800.0,20092.0,9277945.0
56392.0,11848.0,3457355.0
20365.0,1223.0,1576038.0
38810.0,681.0,1837300.0
88325.0,1460.0,15836037.0
100232.0,1563.0,2313225.0
3984.0,293.0,293379.0
55521.0,9378.0,1325826.0
2991.0,291.0,4056267.0
199265.0,10047.0,4012930.0
-1.0,18676.0,6515548.0
5812.0,173.0,125307.0
712.0,101.0,13043.0
7636.0,238.0,136526.0
1099.0,132.0,28386.0
349923.0,4082.0,122994457.0
23574.0,3197.0,1033764.0
135952.0,2131.0,32300300.0
169669.0,8630.0,239207161.0
48525.0,2810.0,2158052.0
3823.0,444.0,212395.0
124675.0,5828.0,20026987.0
17526.0,2667.0,199416.0
23558.0,1459.0,587218.0
179.0,5.0,24650.0
1011.0,116.0,34941.0
203216.0,17928.0,10786819.0
19712.0,484.0,679025.0
57500.0,1562.0,1502125.0
155712.0,14340.0,7958011.0
82405.0,5855.0,7825074.0
120513.0,5782.0,4613254.0
14658.0,3373.0,507836.0
98688.0,1818.0,4271973.0
1265.0,55.0,53087.0
223844.0,3600.0,5847791.0
249384.0,9423.0,3593833.0
454863.0,8266.0,22529756.0
116385.0,8881.0,5132684.0
130176.0,8669.0,5923959.0
469.0,20.0,19622.0
19630.0,515.0,621093.0
59933.0,700.0,2117474.0
493471.0,10226.0,12382988.0
14566.0,725.0,270284.0
32009.0,1605.0,1693731.0
878.0,31.0,37711.0
16414.0,3694.0,782934.0
38397.0,780.0,3114396.0
14211.0,2341.0,409554.0
15576.0,488.0,427945.0
189.0,62.0,7487.0
1827.0,98.0,120365.0
33967.0,805.0,1187250.0
14030.0,586.0,544895.0
76431.0,48673.0,3463977.0
7850.0,124.0,240428.0
97646.0,2095.0,8339001.0
97.0,21.0,4976.0
37455.0,1700.0,2199261.0
16646.0,2556.0,1010630.0
19583.0,3427.0,1686785.0
22624.0,504.0,565863.0
17160.0,3193.0,1118396.0
316652.0,16002.0,5850945.0
52635.0,41229.0,2884100.0
978.0,178.0,92841.0
25287.0,993.0,1545582.0
1500.0,191.0,44809.0
212578.0,27929.0,10730641.0
2936.0,757.0,195618.0
15301.0,2516.0,520431.0
242.0,28.0,2587.0
52335.0,5602.0,2399810.0
5512.0,866.0,411015.0
1449.0,332.0,70483.0
6002.0,2147.0,305772.0
2644.0,427.0,127748.0
5762.0,778.0,132646.0
5400589.0,434688.0,434352213.0
738439.0,23522.0,66368842.0
96563.0,1586.0,8946712.0
8912.0,1238.0,164869.0
1542.0,97.0,39193.0
41389.0,3668.0,10275325.0
31479.0,5070.0,2468059.0
5471653.0,395657.0,147339243.0
10415.0,621.0,1045028.0
5424.0,555.0,293213.0
10380.0,496.0,1695814.0
47683.0,2407.0,5399988.0
160.0,10.0,8135.0
1507.0,86.0,95369.0
26849.0,1293.0,2666406.0
11595.0,2294.0,1487029.0
14800.0,1070.0,280369.0
213630.0,18062.0,9024180.0
16874.0,1248.0,1687706.0
72348.0,7260.0,3046581.0
702117.0,41105.0,22100487.0
1811.0,48.0,79531.0
9669.0,458.0,1008972.0
20363.0,919.0,708445.0
12009.0,2041.0,1135106.0
4066.0,174.0,72885.0
20018.0,726.0,821480.0
56485.0,10299.0,5464252.0
29974.0,1394.0,1453787.0
1313.0,138.0,51321.0
2546.0,173.0,51885.0
66783.0,4911.0,2040877.0
9165.0,1094.0,649114.0
144074.0,5273.0,6037721.0
89572.0,4084.0,4562145.0
15858.0,1995.0,568816.0
27854.0,1536.0,962507.0
11841.0,2787.0,482392.0
32884.0,2505.0,1296777.0
5931.0,469.0,146774.0
385.0,44.0,11745.0
2229.0,173.0,70762.0
29014.0,1356.0,2295412.0
8731.0,954.0,502221.0
1027.0,111.0,6640.0
126726.0,20122.0,2453529.0
56906.0,6168.0,4231789.0
15425.0,471.0,920846.0
66550.0,2778.0,2609123.0
3112.0,69.0,146080.0
3429.0,82.0,101986.0
3251.0,159.0,157525.0
24425.0,662.0,994999.0
275.0,30.0,9780.0
17610.0,918.0,956340.0
34870.0,1370.0,1453590.0
859.0,38.0,39944.0
3172.0,88.0,257199.0
62103.0,2458.0,2027462.0
27277.0,846.0,507103.0
34040.0,1178.0,1466906.0
47644.0,3556.0,1061608.0
4748.0,135.0,47619.0
14691.0,349.0,719270.0
3408.0,58.0,140607.0
15399.0,613.0,896227.0
10877.0,428.0,739507.0
27439.0,792.0,604827.0
36272.0,800.0,518790.0
6686.0,292.0,439103.0
3312.0,178.0,91932.0
4407.0,170.0,68989.0
33744.0,1281.0,1804121.0
1449.0,89.0,58621.0
4439.0,565.0,67276.0
32043.0,2960.0,1713463.0
10524.0,403.0,311071.0
30633.0,610.0,1707883.0
48535.0,2309.0,1912405.0
5449.0,533.0,596680.0
47782.0,3410.0,3330650.0
356.0,13.0,14593.0
131.0,3.0,7966.0
33130.0,1294.0,2792013.0
2459.0,162.0,72310.0
7530.0,129.0,646913.0
842.0,66.0,18837.0
4721.0,181.0,391796.0
13526.0,326.0,1048396.0
11675.0,1228.0,1550802.0
2766.0,224.0,441183.0
48.0,1.0,2847.0
1121873.0,23969.0,145167323.0
79639.0,921.0,10792977.0
515049.0,16568.0,78137822.0
1499298.0,75048.0,94340456.0
157924.0,2760.0,29657435.0
121553.0,1171.0,26260197.0
340686.0,8853.0,35695760.0
6626.0,64.0,401678.0
7786057.0,195769.0,524709805.0
119272.0,3743.0,26826274.0
23477.0,309.0,1345689.0
4644.0,63.0,392314.0
789062.0,14192.0,58921922.0
1430457.0,84188.0,321977550.0
1158.0,19.0,85052.0
361395.0,9234.0,50358797.0
17286.0,277.0,1603229.0
85527.0,1347.0,6055668.0
203103.0,5814.0,6644534.0
1301198.0,40137.0,98559845.0
1072689.0,37571.0,302125099.0
2122.0,36.0,164940.0
397142.0,6354.0,49183640.0
2206.0,30.0,157632.0
130796.0,4106.0,9493733.0
6366.0,54.0,302407.0
25.0,26.0,4454.0
5716.0,687.0,153064.0
287759.0,10036.0,4288625.0
57666.0,2683.0,2966344.0
362022.0,10409.0,11440455.0
1171433.0,61344.0,308501014.0
16578.0,119.0,1088318.0
26215.0,959.0,693153.0
232336.0,3681.0,33227408.0
6201.0,314.0,467835.0
135484.0,4557.0,5301271.0
153490.0,12872.0,5637132.0
288.0,8.0,20076.0
144517.0,4933.0,19210396.0
35503.0,974.0,1206538.0
74840.0,1286.0,9224408.0
160501.0,6539.0,46251795.0
394837.0,13938.0,42257995.0
3075.0,225.0,42648.0
24505.0,1085.0,426409.0
7364.0,653.0,100979.0
12928.0,1001.0,109363.0
125907.0,15131.0,1425150.0
251667.0,6894.0,7433726.0
28773.0,780.0,928704.0
319390.0,7746.0,3433953.0
28453.0,603.0,743338.0
2464.0,296.0,57850.0
27780.0,1518.0,960994.0
32006.0,2924.0,534114.0
2769.0,363.0,63870.0
430267.0,12839.0,14286302.0
22283.0,1331.0,613757.0
133987.0,11698.0,1345404.0
44783.0,1921.0,1198270.0
49530.0,2477.0,1212736.0
96363.0,6337.0,1484533.0
91777.0,2658.0,2333380.0
608.0,136.0,10509.0
153762.0,26601.0,4364168.0
451.0,85.0,7383.0
13777.0,585.0,338844.0
106511.0,2800.0,4502356.0
15082.0,753.0,310738.0
29921.0,1783.0,1005072.0
20616.0,879.0,425099.0
37296.0,1088.0,855392.0
22894.0,896.0,420420.0
455277.0,12904.0,9736125.0
127211.0,3593.0,2987298.0
10705.0,761.0,639089.0
25917.0,1094.0,608323.0
29615.0,1510.0,869372.0
3237.0,595.0,80522.0
100199.0,8790.0,1430388.0
6253.0,359.0,115655.0
6189.0,276.0,328489.0
1213.0,144.0,53965.0
33974.0,695.0,715895.0
10724.0,3548.0,186568.0
36776.0,1192.0,740962.0
4873.0,319.0,64877.0
1229.0,54.0,21962.0
804.0,85.0,14721.0
76217.0,2645.0,1266882.0
344.0,101.0,5388.0
1139.0,59.0,128524.0
467.0,31.0,36585.0
14787.0,747.0,296801.0
4855.0,255.0,75586.0
4296.0,269.0,78423.0
2945.0,207.0,58050.0
1804.0,128.0,24792.0
8534.0,436.0,138803.0
1808.0,151.0,36473.0
701.0,47.0,16243.0
597.0,71.0,10572.0
3344.0,142.0,55828.0
563.0,86.0,14537.0
2025.0,320.0,32988.0
1031.0,75.0,19755.0
1717.0,114.0,34348.0
4512.0,349.0,116672.0
454036.0,6622.0,23568994.0
56993.0,2142.0,1686249.0
34526.0,1668.0,1018753.0
11283.0,378.0,261713.0
18685.0,385.0,464557.0
96744.0,3114.0,4309217.0
311.0,14.0,10108.0
1362.0,269.0,43743.0
875.0,58.0,15786.0
16649.0,370.0,951514.0
815.0,43.0,6178.0
1722.0,124.0,25331.0
35777.0,1237.0,1228300.0
423.0,68.0,9245.0
9886.0,525.0,297290.0
51772.0,2918.0,1075761.0
703.0,283.0,8694.0
148120.0,12399.0,10008290.0
4656.0,296.0,31449.0
2237.0,221.0,33028.0
2011.0,130.0,16887.0
618688.0,13240.0,33779197.0
2786.0,253.0,26789.0
26419.0,1191.0,747110.0
17961.0,695.0,463378.0
61031.0,5037.0,1229745.0
12942.0,299.0,369997.0
26859.0,1357.0,904713.0
13542.0,422.0,619387.0
6160.0,311.0,146821.0
4686.0,453.0,59177.0
15150.0,587.0,319387.0
5577.0,333.0,121692.0
207.0,26.0,2985.0
15652.0,500.0,459455.0
109.0,16.0,9542.0
182.0,15.0,19525.0
83707.0,1717.0,20548194.0
329.0,29.0,14336.0
823.0,49.0,29864.0
227790.0,8698.0,13966109.0
714.0,14.0,119878.0
5174.0,238.0,187956.0
2184.0,3.0,32162.0
2696.0,18.0,40240.0
94131.0,920.0,3921128.0
577.0,46.0,14780.0
488.0,31.0,21332.0
2286473.0,86935.0,250793774.0
10402.0,123.0,1671725.0
16909.0,215.0,3308580.0
26306.0,331.0,2225959.0
5010.0,123.0,159448.0
119953.0,13263.0,1693263.0
4663.0,306.0,33480.0
10389.0,905.0,97930.0
9627.0,577.0,318166.0
242721.0,7745.0,5833454.0
14741.0,913.0,811965.0
5041.0,252.0,141779.0
1240.0,9.0,54917.0
470.0,6.0,29055.0
365971.0,34419.0,35490831.0
3001232.0,110160.0,23836066.0
1634.0,52.0,148482.0
132.0,19.0,2944.0
542.0,12.0,71547.0
106056.0,4284.0,1554691.0
519.0,11.0,57394.0
6823113.0,270948.0,915457091.0
1259.0,9.0,9958.0
152593.0,3290.0,15666598.0
718.0,5.0,64395.0
145.0,3.0,10105.0
304.0,16.0,16123.0
23546.0,392.0,2367294.0
7219.0,314.0,312191.0
731644.0,8894.0,45665114.0
50488.0,8741.0,1090694.0
12595.0,216.0,2861258.0
94.0,9.0,3773.0
112098.0,9775.0,5451348.0
77893.0,5741.0,3927439.0
31578.0,1904.0,2710713.0
139442.0,10653.0,7320107.0
48163.0,2178.0,1669551.0
37893.0,2061.0,1335899.0
121547.0,4043.0,6315803.0
158510.0,6026.0,8947796.0
146566.0,13664.0,14073219.0
23824.0,1496.0,805994.0
30033.0,1209.0,810069.0
9093.0,759.0,355919.0
103051.0,2343.0,2575482.0
104631.0,4839.0,4087572.0
77866.0,2958.0,2349546.0
18957.0,566.0,702174.0
371116.0,13239.0,17069830.0
23502.0,1113.0,1016391.0
28031.0,1690.0,1348450.0
25021.0,1216.0,967211.0
2400.0,214.0,156294.0
47460.0,1517.0,1658204.0
44713.0,2725.0,1186255.0
227589.0,4648.0,6340958.0
18649.0,1339.0,748675.0
58950.0,1107.0,7755963.0
672749.0,62897.0,48018833.0
47086.0,3535.0,3452285.0
140841.0,7330.0,10338163.0
25825.0,1458.0,608177.0
501165.0,31086.0,32791832.0
71688.0,1712.0,4783245.0
26616.0,1143.0,441062.0
155534.0,10306.0,2564092.0
75028.0,3457.0,4695664.0
63497.0,4004.0,2936679.0
19325.0,1128.0,385239.0
205831.0,15677.0,11829970.0
175132.0,6049.0,4357193.0
774.0,83.0,48984.0
1241.0,70.0,47430.0
105355.0,7424.0,5547667.0
5077.0,351.0,93633.0
41927.0,1112.0,1952077.0
75063.0,3724.0,12244410.0
22891.0,1780.0,1006579.0
6851.0,178.0,963335.0
32631.0,1587.0,1322089.0
11248.0,505.0,384035.0
959.0,138.0,28759.0
218539.0,4421.0,19256162.0
281285.0,3360.0,17282158.0
378858.0,18860.0,17975269.0
65909.0,2122.0,1864630.0
1056430.0,46966.0,75785129.0
1221507.0,43126.0,86169225.0
3721.0,322.0,45157.0
861503.0,17975.0,79941868.0
51437.0,468.0,4341289.0
45628.0,17264.0,5283664.0
141654.0,2756.0,11184537.0
126347.0,83990.0,11188525.0
737.0,52.0,15390.0
7650.0,887.0,231488.0
34599.0,1349.0,824297.0
1032.0,22.0,54030.0
5352.0,496.0,154461.0
95162.0,2272.0,11235146.0
2694.0,108.0,74586.0
2817.0,59.0,286228.0
28966.0,676.0,906361.0
29955.0,557.0,1057862.0
26049.0,850.0,909323.0
21274.0,16178.0,1100740.0
2271.0,249.0,240234.0
24014.0,716.0,947162.0
526.0,94.0,11293.0
37370.0,902.0,2578373.0
1159.0,91.0,64703.0
13796.0,10330.0,689494.0
1968.0,96.0,56066.0
10725.0,403.0,155562.0
-1.0,335.0,27451.0
3026.0,538.0,30405.0
2113.0,138.0,98972.0
65719.0,791.0,2724499.0
317.0,32.0,3618.0
38690.0,780.0,1385264.0
1208.0,930.0,22966.0
953712.0,35658.0,84410562.0
129100.0,2332.0,7846143.0
353053.0,14909.0,41739024.0
3221.0,209.0,102646.0
4732.0,256.0,78050.0
2135.0,136.0,41057.0
6865.0,554.0,55078.0
2740.0,86.0,39049.0
2538.0,435.0,51747.0
726.0,50.0,21868.0
920.0,93.0,9533.0
1656.0,236.0,34090.0
15637.0,1279.0,309098.0
4063.0,245.0,62428.0
1716.0,308.0,16080.0
1815.0,254.0,41900.0
1944.0,160.0,23225.0
670.0,125.0,10451.0
3001265.0,110162.0,23836066.0
19997.0,1540.0,271333.0
2009.0,317.0,30632.0
1382.0,134.0,23763.0
834.0,84.0,13489.0
7185.0,463.0,149396.0
2952.0,478.0,57411.0
3645.0,225.0,38560.0
4049.0,807.0,52323.0
1006.0,40.0,11230.0
6117.0,745.0,126185.0
2175.0,115.0,35288.0
947.0,108.0,18535.0
2342.0,226.0,34789.0
29728.0,8832.0,405791.0
1431.0,260.0,26709.0
3500.0,381.0,107906.0
44616.0,3098.0,426875.0
193217.0,6129.0,1765945.0
1015.0,96.0,17191.0
1417.0,159.0,34941.0
196898.0,15525.0,1223879.0
18063.0,978.0,184093.0
8815.0,1353.0,200452.0
1155.0,132.0,21112.0
535.0,132.0,10339.0
462.0,62.0,10737.0
5035.0,564.0,131760.0
1677.0,290.0,23239.0
2194.0,256.0,36560.0
19671.0,1151.0,259851.0
2967.0,565.0,63886.0
48041.0,1435.0,450066.0
2025.0,308.0,46862.0
10321.0,930.0,205486.0
1144.0,39.0,12289.0
329.0,29.0,14341.0
187163.0,3835.0,13048900.0
59866.0,979.0,2844014.0
404.0,15.0,20861.0
53333.0,1425.0,2817800.0
1638369.0,58851.0,84747957.0
1572.0,27.0,48918.0
1455.0,6.0,34655.0
3498.0,8.0,53592.0
6057.0,165.0,589429.0
797.0,71.0,15177.0
7007.0,218.0,632477.0
2683.0,10.0,49294.0
9126.0,176.0,497458.0
3933.0,159.0,400330.0
47306.0,1379.0,2529301.0
186218.0,5904.0,9803295.0
13657.0,484.0,1120660.0
9965.0,197.0,325200.0
4452.0,86.0,190418.0
4427.0,124.0,331718.0
2713.0,16.0,61478.0
5940.0,143.0,593989.0
8031.0,169.0,332371.0
19154.0,610.0,1756737.0
247914.0,8681.0,16294784.0
74081.0,1758.0,3176730.0
11197.0,186.0,325309.0
68762.0,1160.0,3691767.0
9700.0,219.0,461467.0
11059.0,481.0,1104214.0
4148.0,123.0,149363.0
53.0,1.0,6817.0
1571.0,7.0,37883.0
185175.0,6838.0,9147428.0
3685.0,28.0,23653.0
903.0,27.0,40275.0
16915.0,439.0,1695867.0
19800.0,443.0,775719.0
766.0,28.0,65632.0
77692.0,2892.0,3731583.0
5743875.0,178361.0,826423766.0
1103713.0,29774.0,106151957.0
28863.0,605.0,1723190.0
11025176.0,335455.0,1582262997.0
45448.0,1680.0,10155588.0
475.0,21.0,66279.0
1357197.0,39624.0,153478497.0
24970.0,1225.0,3248506.0
68133.0,1358.0,9253680.0
11323.0,210.0,2812807.0
282754.0,10831.0,19469009.0
1019385.0,24603.0,193685278.0
164337.0,7092.0,7108897.0
22420.0,679.0,6599382.0
9313.0,433.0,1722365.0
27102.0,2311.0,2549580.0
1628.0,85.0,97163.0
24285.0,893.0,1285807.0
7240.0,167.0,1316713.0
7375.0,368.0,2362949.0
74617.0,1982.0,8122555.0
338601.0,19063.0,38478475.0
1668.0,107.0,258994.0
280090.0,11424.0,37037129.0
72612.0,1063.0,14914811.0
4986.0,134.0,617350.0
73362.0,4072.0,10331666.0
6177588.0,125791.0,378164492.0
6473.0,455.0,267705.0
21946.0,481.0,3776936.0
120500.0,5172.0,5156616.0
639942.0,23316.0,161103805.0
94089.0,1537.0,5434925.0
10818.0,291.0,2058438.0
14386.0,332.0,1853171.0
37.0,1.0,31343.0
371.0,19.0,23448.0
2382.0,114.0,104246.0
137327.0,6197.0,6216027.0
9368.0,279.0,398061.0
431284.0,33369.0,10450206.0
23130.0,1323.0,1188153.0
2639.0,1009.0,131943.0
881.0,17.0,45584.0
7110.0,374.0,262959.0
34575.0,350.0,1309077.0
4560.0,144.0,150633.0
26171.0,577.0,1451335.0
3749.0,715.0,167574.0
50074.0,3095.0,7178954.0
37645.0,2115.0,753025.0
130817.0,6868.0,17103736.0
222713.0,12557.0,6281449.0
310589.0,23024.0,6701666.0
3121.0,104.0,143605.0
908.0,932.0,37905.0
1445.0,296.0,6611.0
2951.0,580.0,63675.0
1237.0,709.0,65745.0
32962.0,2355.0,3371830.0
19436.0,1683.0,940004.0
324.0,51.0,6631.0
6559.0,257.0,157301.0
28195.0,2588.0,943664.0
992.0,18.0,59749.0
1796.0,47.0,77345.0
5524.0,526.0,206418.0
9633.0,179.0,88788.0
17548.0,664.0,481643.0
28878.0,605.0,544761.0
12675.0,909.0,167962.0
345943.0,11838.0,18380002.0
2586.0,98.0,52954.0
98631.0,3188.0,1044608.0
1809.0,65.0,94188.0
23676.0,1913.0,167863.0
31710.0,456.0,444036.0
1333.0,22.0,119487.0
54092.0,2452.0,1655085.0
16605.0,849.0,183096.0
287909.0,6424.0,23169378.0
11316.0,850.0,187063.0
12935.0,80.0,129591.0
4279.0,171.0,188490.0
2815.0,79.0,97537.0
11751.0,659.0,408227.0
7246.0,464.0,88247.0
26848.0,239.0,273349.0
5675.0,54.0,70181.0
64464.0,3171.0,1564078.0
20892.0,622.0,795386.0
4510.0,264.0,276901.0
2990.0,160.0,42924.0
10676.0,399.0,111027.0
35092.0,1804.0,1815767.0
88340.0,2982.0,6734947.0
1184.0,54.0,50148.0
3396.0,116.0,145497.0
1229.0,24.0,22525.0
2716.0,53.0,66379.0
1251353.0,71682.0,18565979.0
6642.0,312.0,314438.0
57527.0,1115.0,1204024.0
2779.0,83.0,187668.0
8260.0,1127.0,216482.0
83345.0,4558.0,4452337.0
2963.0,193.0,50724.0
37251.0,1452.0,389051.0
8560.0,152.0,107957.0
4160.0,122.0,218182.0
3245.0,437.0,51716.0
298445.0,15610.0,3773387.0
407.0,69.0,7163.0
506.0,35.0,10309.0
8860.0,238.0,140916.0
586.0,83.0,12464.0
51658.0,1455.0,876309.0
18806.0,1403.0,689166.0
3562.0,118.0,87567.0
15128.0,639.0,338212.0
38148.0,3767.0,932919.0
45253.0,4353.0,3243901.0
669.0,95.0,24686.0
15036.0,1563.0,385709.0
80947.0,5557.0,2706505.0
21809.0,1899.0,549530.0
1115.0,121.0,25201.0
19894.0,1070.0,977299.0
18698.0,1258.0,400968.0
549.0,69.0,17195.0
70001.0,2654.0,1879805.0
10660.0,363.0,196727.0
70562.0,3866.0,2535222.0
1786.0,257.0,30191.0
48633.0,4129.0,4154143.0
9624.0,864.0,240450.0
9354.0,766.0,210192.0
503.0,52.0,13591.0
30046.0,2138.0,674979.0
863.0,102.0,61085.0
7675.0,1875.0,327146.0
1218.0,258.0,45214.0
13503.0,400.0,273900.0
2043.0,257.0,25291.0
1529.0,50.0,66259.0
1111.0,40.0,20897.0
692.0,74.0,19220.0
25308.0,3426.0,897553.0
4227.0,184.0,108874.0
4144.0,895.0,419705.0
4897.0,1299.0,231325.0
12892.0,778.0,290351.0
22430.0,927.0,488575.0
6383.0,330.0,258491.0
1800.0,208.0,53207.0
2309.0,554.0,99569.0
86374.0,15363.0,8596384.0
3083.0,140.0,55195.0
3480.0,278.0,126212.0
9475.0,292.0,284841.0
712273.0,32736.0,18116954.0
1962726.0,62540.0,37550877.0
3710978.0,224423.0,63310479.0
4493972.0,177471.0,99698731.0
2946965.0,131040.0,71968133.0
302909.0,7693.0,8097268.0
3550678.0,157803.0,93963115.0
142261.0,14797.0,2529954.0
14259033.0,611757.0,285526909.0
2897163.0,104483.0,85522922.0
207061.0,7997.0,4573945.0
365592.0,7270.0,11123363.0
3945358.0,145722.0,125670049.0
3963124.0,728774.0,116842899.0
6055504.0,239172.0,191988678.0
374130.0,26390.0,10280971.0
31521.0,926.0,889300.0
2869906.0,119182.0,94508185.0
2021442.0,121200.0,66999237.0
3514143.0,129023.0,97578090.0
3557658.0,127113.0,160818375.0
598389.0,19760.0,25367316.0
1572751.0,52457.0,91053784.0
1511358.0,81100.0,69330547.0
1801566.0,76492.0,61197670.0
378105.0,9251.0,13637506.0
312575.0,1902.0,3392295.0
385059.0,10374.0,17321080.0
4763784.0,174632.0,110124989.0
2030057.0,81670.0,107126467.0
4437532.0,109214.0,180766617.0
367987.0,6645.0,11118461.0
2135851.0,91698.0,93319974.0
1080199.0,36374.0,37780348.0
1552125.0,67399.0,66839006.0
446014.0,8278.0,20779962.0
2129926.0,91190.0,98750169.0
319041.0,5526.0,9734303.0
4120158.0,177881.0,136439525.0
3136265.0,101503.0,79882619.0
557743.0,19706.0,21747698.0
2121115.0,65601.0,92621700.0
3206546.0,108235.0,156000008.0
632277.0,19405.0,18492610.0
2523764.0,136866.0,134377650.0
372266.0,6699.0,13545273.0
381271.0,14433.0,15014572.0
492024.0,41183.0,6968660.0
201509.0,9784.0,6383519.0
494889.0,23110.0,7715681.0
61448.0,4080.0,1928710.0
11244.0,6530.0,755642.0
544.0,614.0,53110.0
6958.0,4724.0,288312.0
656.0,1495.0,51269.0
1120.0,9.0,66507.0
18730.0,6675.0,1101187.0
13751.0,6364.0,791042.0
8090.0,9231.0,537070.0
29541.0,18044.0,873549.0
4634.0,4005.0,366447.0
2323.0,1979.0,83353.0
5630.0,5028.0,386436.0
7890.0,6193.0,462943.0
2521.0,1670.0,71652.0
12415.0,16954.0,1020152.0
3215.0,5058.0,288796.0
6465.0,10191.0,633520.0
4840.0,3004.0,251101.0
9069.0,10614.0,1084758.0
1531.0,175.0,85359.0
5089.0,5964.0,454927.0
4836.0,12045.0,264809.0
19359.0,13212.0,931636.0
6554.0,12194.0,549566.0
8070.0,6888.0,576311.0
3847.0,3053.0,278240.0
5936.0,4649.0,473122.0
31563.0,38618.0,1889320.0
7973.0,11184.0,749734.0
11650.0,12453.0,438358.0
7538.0,7921.0,566143.0
644.0,886.0,65137.0
5947.0,4890.0,393718.0
6164.0,8022.0,386949.0
11563.0,7302.0,620690.0
12849.0,6876.0,858549.0
9666.0,17218.0,713211.0
6383.0,3955.0,591721.0
25885.0,8813.0,1178354.0
1274.0,1832.0,112418.0
4615.0,3057.0,278274.0
7402.0,5297.0,367781.0
2983.0,4589.0,240447.0
16316.0,11467.0,1299714.0
21111.0,9407.0,1203517.0
1862.0,4996.0,148992.0
16641.0,9979.0,1195181.0
8684.0,5762.0,475535.0
4898.0,9878.0,499461.0
13318.0,7773.0,657999.0
1869.0,135.0,88980.0
1777.0,194.0,64368.0
4386.0,176.0,170305.0
132298.0,8115.0,4981769.0
61100.0,4466.0,3452571.0
49931.0,2293.0,2494758.0
37430.0,1375.0,1503148.0
542855.0,43802.0,18496859.0
45800.0,1681.0,3588950.0
36655.0,1387.0,1433436.0
51924.0,3057.0,2110850.0
1.0,2.0,63.0
409962.0,10759.0,10330078.0
31742.0,3089.0,1205719.0
0.0,1.0,25.0
56774.0,2220.0,1011277.0
5902.0,274.0,313847.0
396477.0,10721.0,23925458.0
14687.0,328.0,689762.0
19915.0,1101.0,1471735.0
4293.0,110.0,287879.0
226135.0,15445.0,9629509.0
128800.0,4481.0,3526040.0
105414.0,6858.0,3863719.0
65182.0,4679.0,9897790.0
104645.0,7091.0,3455728.0
35432.0,528.0,832026.0
103946.0,4516.0,3779069.0
41293.0,1941.0,1194593.0
26530.0,818.0,602137.0
85704.0,4481.0,8639567.0
310947.0,15981.0,14800155.0
83509.0,5086.0,2954971.0
45821.0,2121.0,2359653.0
5000.0,293.0,252524.0
46953.0,1690.0,1743151.0
65238.0,2121.0,5323008.0
621.0,44.0,55643.0
16576.0,787.0,452937.0
31665.0,1649.0,1045672.0
26731.0,1303.0,1251200.0
74180.0,7794.0,7556654.0
18852.0,750.0,767162.0
15317.0,613.0,319489.0
29562.0,2363.0,595608.0
62343.0,4145.0,6225136.0
18353.0,2560.0,7073338.0
23783.0,1290.0,513747.0
74324.0,6294.0,7428280.0
29581.0,1264.0,1097006.0
96215.0,6430.0,9552698.0
1519.0,124.0,90926.0
17977.0,564.0,383734.0
116596.0,43591.0,11792862.0
132214.0,5981.0,17716356.0
47947.0,3075.0,5054426.0
43511.0,1773.0,747705.0
48317.0,3805.0,4613023.0
13733.0,626.0,489332.0
132562.0,6384.0,4418714.0
44755.0,3214.0,1152562.0
28907.0,2438.0,2767666.0
42848.0,1350.0,1778635.0
68035.0,5549.0,7209027.0
152531.0,3469.0,3270832.0
44412.0,1210.0,1346386.0
12527.0,414.0,787667.0
29773.0,3299.0,880432.0
126685.0,4633.0,2817851.0
22310.0,1177.0,1071023.0
237869.0,19276.0,8445210.0
236557.0,5640.0,4696990.0
19509.0,1072.0,928585.0
3379.0,1381.0,132960.0
49795.0,2177.0,2796778.0
95001.0,7668.0,6312772.0
40750.0,3577.0,1235556.0
10959.0,525.0,844015.0
6813.0,69.0,485266.0
281680.0,11360.0,9033159.0
18403.0,1810.0,1429951.0
62098.0,6272.0,2889074.0
296448.0,29736.0,19097087.0
191691.0,5795.0,3182375.0
35004.0,2726.0,952869.0
673896.0,41869.0,14835017.0
32717.0,1804.0,930267.0
20329.0,806.0,1331141.0
122180.0,1942.0,8705503.0
2012.0,143.0,72517.0
12994.0,521.0,234454.0
1346.0,198.0,106305.0
7355.0,711.0,278584.0
25394.0,2940.0,761574.0
21123.0,560.0,745050.0
26210.0,856.0,1875721.0
1194852.0,16417.0,42252029.0
188472.0,5901.0,13829574.0
11961.0,334.0,495065.0
11420.0,896.0,596902.0
10960.0,109.0,858731.0
31942.0,7562.0,1089328.0
66353.0,2001.0,1546801.0
7687.0,237.0,451843.0
9154.0,1201.0,652244.0
11249.0,393.0,482269.0
20361.0,770.0,1539948.0
12193.0,196.0,1267276.0
27575.0,971.0,1761493.0
962.0,100.0,30388.0
139552.0,7764.0,4235793.0
159719.0,4673.0,2029047.0
26902.0,1190.0,1248957.0
55719.0,1606.0,802372.0
131961.0,3037.0,4849924.0
202969.0,3572.0,4801805.0
186881.0,8575.0,7004107.0
10317.0,757.0,165623.0
128268.0,4356.0,4991078.0
62009.0,1740.0,3134189.0
24508.0,1455.0,374241.0
6806.0,774.0,215489.0
42940.0,1735.0,1407319.0
13004.0,376.0,318419.0
8864.0,326.0,351985.0
63890.0,2427.0,1732512.0
2143.0,77.0,198844.0
10846.0,380.0,759857.0
11672.0,1285.0,302924.0
33558.0,814.0,950825.0
752.0,53.0,16115.0
47204.0,1277.0,2302755.0
61813.0,3416.0,6091315.0
4557.0,379.0,97136.0
1514.0,251.0,37830.0
2596.0,177.0,56994.0
7452.0,581.0,113080.0
59163.0,1583.0,1754969.0
62172.0,1458.0,1345420.0
11911.0,1388.0,610308.0
16747.0,1532.0,525081.0
28944.0,775.0,1515048.0
4849.0,197.0,82596.0
13406.0,314.0,362229.0
1149.0,146.0,17156.0
27889.0,962.0,437660.0
10409.0,385.0,199395.0
10292.0,653.0,327463.0
5213.0,145.0,135056.0
909.0,32.0,24612.0
30095.0,1186.0,1530735.0
37041.0,1190.0,1672442.0
61424.0,692.0,872859.0
6557.0,215.0,179728.0
7812.0,408.0,143959.0
32.0,5.0,83073.0
32189.0,878.0,1750656.0
11395.0,542.0,282641.0
22667.0,588.0,939411.0
4440.0,307.0,95826.0
40994.0,3946.0,1115596.0
33773.0,4225.0,655844.0
5333.0,883.0,87181.0
93512.0,11770.0,2467290.0
4996.0,791.0,86658.0
93420.0,11201.0,2745019.0
2677.0,390.0,51017.0
88302.0,10753.0,2173854.0
959.0,87.0,9269.0
27953.0,6430.0,848504.0
3465.0,317.0,59232.0
2208.0,837.0,37340.0
7455.0,160.0,71578.0
697.0,120.0,17418.0
59959.0,5338.0,1310018.0
406.0,57.0,13184.0
1897.0,349.0,36948.0
7166.0,897.0,156610.0
4122.0,567.0,112040.0
54951.0,6290.0,5370346.0
760.0,80.0,11630.0
3769.0,590.0,180396.0
8058.0,662.0,566503.0
119930.0,11926.0,3432799.0
92823.0,5623.0,8295441.0
2104.0,481.0,46065.0
20892.0,976.0,640120.0
79878.0,3067.0,2750006.0
565673.0,35186.0,31667627.0
350411.0,15822.0,6058858.0
2179.0,324.0,55298.0
7785.0,331.0,621651.0
43557.0,4766.0,514758.0
3016.0,573.0,56101.0
2118.0,245.0,35759.0
221.0,35.0,2225.0
89783.0,7013.0,2610708.0
77209.0,8351.0,1700683.0
5437.0,1020.0,109574.0
814.0,85.0,12274.0
4936.0,750.0,208877.0
4972.0,1307.0,87422.0
28895.0,6897.0,707813.0
22443.0,300.0,681002.0
24496.0,257.0,254500.0
3675.0,685.0,85298.0
15392.0,1232.0,297966.0
24059.0,3355.0,805728.0
926.0,258.0,16396.0
1079.0,473.0,16451.0
115164.0,5254.0,4098562.0
1209.0,1167.0,19967.0
858.0,162.0,18992.0
24017.0,3549.0,1148562.0
64432.0,5717.0,4526546.0
6900.0,383.0,114921.0
406.0,57.0,13184.0
52160.0,11181.0,2497202.0
7292.0,316.0,135067.0
39845.0,3375.0,1760155.0
1708.0,301.0,58559.0
3205.0,439.0,84465.0
1793.0,185.0,75483.0
124490.0,7455.0,8830062.0
2976.0,131.0,103500.0
117231.0,5092.0,2657361.0
35423.0,1060.0,1034342.0
2468.0,220.0,37870.0
1562.0,130.0,10503.0
855.0,139.0,24863.0
1409.0,122.0,12041.0
438812.0,40924.0,22439610.0
199933.0,22438.0,17069314.0
1025.0,43.0,14264.0
2295.0,1399.0,179180.0
25029.0,2468.0,1651459.0
1781.0,66.0,33246.0
2363.0,725.0,42216.0
466063.0,10976.0,8324871.0
7455.0,300.0,447522.0
449.0,282.0,4368.0
6875.0,227.0,543947.0
1872.0,100.0,28892.0
1537.0,59.0,41735.0
21393.0,1087.0,1557335.0
1785.0,133.0,19147.0
15593.0,1407.0,607849.0
1466.0,321.0,52695.0
2498.0,294.0,129231.0
1822.0,1575.0,30352.0
1969.0,312.0,82902.0
2364.0,307.0,50941.0
1639.0,392.0,92899.0
1050.0,173.0,79741.0
82083.0,6414.0,2541347.0
4134.0,826.0,77502.0
1490.0,237.0,57446.0
9401.0,780.0,150039.0
17307.0,1101.0,331603.0
4147.0,1292.0,106966.0
1435534.0,64164.0,36868871.0
20319.0,2958.0,190106.0
599842.0,39313.0,23222262.0
8870.0,554.0,834400.0
697363.0,18075.0,18609928.0
48823.0,3061.0,1461872.0
162408.0,3151.0,14118968.0
283831.0,9805.0,12550897.0
79336.0,3695.0,1667301.0
61689.0,1928.0,1284173.0
8574.0,723.0,936041.0
98519.0,5633.0,3020492.0
15312.0,595.0,286969.0
101465.0,5079.0,3487219.0
44866.0,2709.0,1486176.0
833480.0,56565.0,23717752.0
183765.0,3810.0,4181136.0
7387.0,566.0,125674.0
137796.0,4891.0,2064594.0
1790536.0,68822.0,44424347.0
142.0,6.0,2813.0
626889.0,35593.0,14694097.0
88764.0,5853.0,1815856.0
1602939.0,61259.0,54583132.0
18225.0,830.0,1667322.0
148031.0,5179.0,3653854.0
45763.0,2234.0,1208037.0
157.0,10.0,4806.0
785650.0,55050.0,23973948.0
3867.0,199.0,43046.0
55962.0,2766.0,1685445.0
11620.0,499.0,1048056.0
15641.0,470.0,377483.0
641.0,32.0,21129.0
19007.0,141.0,9904507.0
14868.0,840.0,618566.0
1734.0,348.0,35516.0
8033.0,404.0,196801.0
-1.0,821.0,553892.0
171757.0,4288.0,11563268.0
1075.0,103.0,19923.0
33342.0,435.0,269849.0
346.0,24.0,9050.0
135411.0,5708.0,3666465.0
393.0,13.0,12513.0
59583.0,523.0,3442343.0
18551.0,2136.0,504475.0
1810.0,13.0,285609.0
779.0,105.0,41517.0
17411.0,441.0,2322280.0
4192.0,198.0,1010999.0
4758.0,141.0,1266475.0
8436.0,398.0,594480.0
12970.0,469.0,2885013.0
2672.0,240.0,73864.0
14665.0,873.0,1293718.0
355.0,21.0,30215.0
228.0,22.0,12666.0
19135.0,1625.0,4043624.0
18106.0,325.0,7510904.0
8680.0,352.0,1945769.0
600.0,18.0,131716.0
105.0,-1.0,28219.0
354984.0,108099.0,8186585.0
830.0,19.0,239924.0
3600.0,18.0,592173.0
9641.0,115.0,2278082.0
7247.0,88.0,1766202.0
741.0,29.0,117695.0
22450.0,705.0,2188598.0
20138.0,-1.0,5351960.0
-1.0,180.0,2389222.0
643.0,0.0,24012.0
3963.0,260.0,132403.0
29732.0,8832.0,405850.0
-1.0,105.0,1541874.0
20442.0,2591.0,3989464.0
409.0,29.0,45122.0
26505.0,794.0,5903244.0
5544.0,196.0,701005.0
791.0,6.0,128548.0
179555.0,6907.0,65067408.0
54154.0,2892.0,15397832.0
17.0,1.0,2758.0
280080.0,7414.0,52046148.0
56258.0,1185.0,3505369.0
31601.0,1250.0,6301646.0
85408.0,5547.0,3733933.0
7791.0,1827.0,173717.0
23915.0,311.0,6897438.0
42757.0,1087.0,2885056.0
700.0,16.0,18302.0
55282.0,576.0,2586478.0
51915.0,876.0,2197690.0
118846.0,3501.0,3069097.0
6579.0,146.0,313285.0
16394.0,864.0,573706.0
6386.0,115.0,122824.0
2216.0,360.0,87484.0
2923.0,49.0,89486.0
2970.0,346.0,66888.0
19444.0,766.0,609802.0
12111.0,467.0,266203.0
4238.0,47.0,261889.0
630.0,86.0,11642.0
2353.0,178.0,78038.0
7514.0,251.0,195145.0
56267.0,1146.0,2214491.0
2673.0,174.0,76828.0
2604.0,78.0,113661.0
2020.0,133.0,54541.0
7742.0,787.0,271415.0
30536.0,742.0,1332052.0
4267.0,70.0,138290.0
1760.0,170.0,35373.0
5407.0,54.0,309718.0
26837.0,555.0,559680.0
12875.0,354.0,317372.0
712.0,130.0,17259.0
14986.0,616.0,324079.0
1738.0,100.0,32054.0
36835.0,1265.0,1456270.0
3252.0,331.0,99774.0
7555.0,442.0,295344.0
582.0,33.0,10129.0
3765.0,74.0,85503.0
19969.0,621.0,578389.0
29589.0,950.0,718461.0
43704.0,1543.0,800364.0
20106.0,616.0,435863.0
44518.0,1273.0,1058423.0
71.0,2.0,911.0
16225.0,454.0,510592.0
3759.0,67.0,151345.0
55097.0,1543.0,2287752.0
2313.0,230.0,95826.0
2180.0,170.0,31289.0
2350.0,162.0,72414.0
8896.0,225.0,304816.0
4869.0,218.0,101255.0
39458.0,744.0,961789.0
33471.0,1176.0,855620.0
30398.0,954.0,720075.0
33529.0,699.0,677081.0
11496.0,324.0,318051.0
6314.0,373.0,181931.0
8491.0,613.0,202934.0
6770.0,537.0,137791.0
52388.0,2362.0,691573.0
30071.0,1490.0,405989.0
16028.0,344.0,283172.0
82.0,14.0,1352.0
18486.0,733.0,353784.0
52347.0,2407.0,1705786.0
2611.0,217.0,36138.0
42113.0,1385.0,1379849.0
11283.0,385.0,265906.0
328.0,90.0,2661.0
45878.0,963.0,1291584.0
24954.0,651.0,808215.0
12759.0,362.0,323071.0
193795.0,19579.0,6478696.0
4597.0,263.0,107917.0
54822.0,1361.0,1419701.0
374.0,21.0,6573.0
1218.0,99.0,15426.0
169994.0,5444.0,2853947.0
11283.0,656.0,176919.0
79849.0,4880.0,2475429.0
7774.0,201.0,165986.0
5009.0,325.0,67619.0
17967.0,1042.0,470123.0
46566.0,3491.0,1732100.0
9330.0,567.0,320959.0
57691.0,2798.0,1510897.0
1796.0,72.0,47696.0
3792.0,337.0,58850.0
19112.0,433.0,527380.0
17272.0,1683.0,492976.0
889.0,69.0,18154.0
7665.0,534.0,133708.0
1244.0,80.0,23909.0
3831.0,187.0,76643.0
6545.0,571.0,128164.0
630.0,221.0,5663.0
34468.0,1223.0,1085330.0
25476.0,1892.0,512978.0
1409.0,91.0,30465.0
5556.0,318.0,170837.0
27768.0,1635.0,578167.0
41946.0,2106.0,3346948.0
42940.0,1735.0,1407324.0
43189.0,1155.0,2317183.0
15137.0,181.0,906372.0
36835.0,1265.0,1456270.0
38776.0,566.0,2278698.0
1237.0,16.0,32605.0
30764.0,929.0,856628.0
18982.0,402.0,1339489.0
300789.0,6254.0,11814893.0
13141.0,382.0,181827.0
17219.0,417.0,762553.0
16152.0,282.0,605453.0
44217.0,1448.0,872008.0
559.0,24.0,27243.0
22643.0,555.0,508969.0
16723.0,372.0,738202.0
8812.0,889.0,578179.0
34464.0,822.0,1651599.0
12687.0,313.0,367200.0
29818.0,1028.0,854273.0
27736.0,692.0,1432027.0
176978.0,7152.0,10817160.0
4831.0,1517.0,292643.0
29980.0,897.0,1167616.0
3518.0,97.0,127492.0
26619.0,1070.0,1378069.0
5658.0,195.0,132583.0
9862.0,205.0,402110.0
463331.0,21849.0,7497071.0
18847.0,76.0,1414209.0
10441.0,172.0,515395.0
25161.0,1188.0,847233.0
1151.0,37.0,25386.0
109335.0,2712.0,5028230.0
1520.0,32.0,56956.0
4306.0,48.0,238411.0
413.0,4.0,41925.0
5190.0,217.0,145691.0
15683.0,1004.0,879470.0
3505.0,408.0,257103.0
2712.0,146.0,82298.0
2464.0,130.0,192964.0
7289.0,158.0,351087.0
4759.0,232.0,130286.0
1861.0,184.0,37959.0
9615.0,648.0,319957.0
10259.0,416.0,386360.0
2981.0,72.0,431421.0
5198.0,443.0,226152.0
